{
  "fl_x": 1501.7140890309136,
  "fl_y": 1501.7140890309136,
  "cx": 719.5,
  "cy": 960.5,
  "w": 1439.0,
  "h": 1921.0
}